league,n,pred_med,pred_q1,pred_q3,obs_med,n_obs,strength,rank_model,rank_actual,rank_strength
Spanish-Segunda-FEB,10,11.850491656906428,8.949159589348323,13.063239570948216,11.213011454783686,10,-3.737081598339392,1,5.0,3.0
adidas-Next-Generation-Tournament,10,11.489687390770989,10.369771070764779,11.909826489973726,10.9775492924083,6,,2,7.0,
Israeli-BSL,9,11.37352159336153,10.525459890193387,11.800821636285203,9.611379508309842,6,-2.5014403336844433,3,8.0,1.0
Lithuanian-NKL,8,11.161201756411806,9.620768499038789,11.81274619149453,12.6550430663945,7,-4.627083103587527,4,4.0,7.0
Adriatic-League-Liga-ABA,9,11.03606355521368,9.707232035911703,14.104720026676375,12.78596378929945,9,-2.529562633567984,5,3.0,2.0
French-LNB-Espoirs,29,10.88416695204181,10.019893503973568,12.696719736338636,11.118758807169382,21,-4.65984874146616,6,6.0,8.0
German-Pro-B,22,10.565954923524838,8.775945135315377,11.43014042129439,12.788744049197582,16,-4.611321920729808,7,2.0,6.0
New-Zealand-NBL,13,10.550696910484254,8.993079118324331,11.257132400610757,8.917496087018991,9,-4.512492900979038,8,10.0,5.0
Serbian-KLS,10,9.897773496771283,8.647864933943481,10.196368267758455,9.239495883034134,7,-4.102085960253418,9,9.0,4.0
BNXT-League,9,9.115347200262097,8.562694894960558,12.401786660465516,13.459153835453252,7,-4.8726865176782805,10,1.0,9.0
