group,name,player_id,team,rank_247_name,note
C,Nikola Kusturica,251430,UCLA,,
C,Miikka Muurinen,219771,Arkansas,Miikka Muurinen,
C,Luigi Suigo,201784,Villanova,,
C,Arturas Butajevas,219851,Florida,,
C,Ilia Frolov,227915,Arkansas,,missing from players table (no bio)
C,Lukas Bojovic,219934,Wake Forest,,
C,Marcus Moller,201729,Michigan,,
C,Mark Morano Mahmutovic,201889,Syracuse,,
C,Kaan Onat,201930,Tennessee-Martin,,
C,Juwan Ekanga-Ehawa,221332,Gonzaga,,
C,Milos Sojic,201878,TCU,,
C,Gunars Grinvalds,219838,UCLA,,
C,Nolan Adekunle,130797,Virginia,,
C,Lazar Stojkovic,219924,St. John's,,
C,Vuk Lazarevic,227017,Ohio State,,no bio (dob/height missing)
C,Stefan Plisnic,170048,VCU,,
C,Martin Tonejc,213825,Rutgers,,
C,Joaquim Boumtje-Boumtje,254385,Duke,,US national; Barcelona club path
A,Tyran Stokes,205816,Kansas,Tyran Stokes,
A,Jordan Smith Jr.,201516,Arkansas,Jordan Smith Jr.,
A,Caleb Holt,199618,Arizona,Caleb Holt,
A,Brandon McCoy Jr.,206210,Michigan,Brandon McCoy Jr.,expected to miss 2026-27 (ACL); forecast is conditional on playing
A,Bruce Branch III,229840,Brigham Young,Bruce Branch III,
A,Caleb Gaskins,205818,Miami (FL),Caleb Gaskins,
A,Taylen Kinney,222230,Kansas,Taylen Kinney,
A,Colben Landrew,235433,UConn,Colben Landrew,
A,Jasiah Jervis,212665,Michigan State,Jasiah Jervis,
A,Ethan Taylor,218630,Michigan State,Ethan Taylor,
B,Cameron Williams,237636,Duke,Cameron Williams,
B,Christian Collins,235079,USC,Christian Collins,
B,Deron Rippey Jr.,213210,Duke,Deron Rippey Jr.,
B,Jason Crowe Jr.,211741,Missouri,Jason Crowe Jr.,
B,Anthony Thompson,229186,Ohio State,Anthony Thompson,
B,JJ Andrews,216017,Arkansas,JJ Andrews,
B,Bryson Howard,249675,Duke,Bryson Howard,
